french_text,frequency,english_translation,context
français,153,,
passé,133,,
temps,92,,
fait,91,,
mot,91,,
peut,85,,
expression,81,,
mots,78,,
ont,77,,
été,77,,
dit,73,,
anglais,73,,
vie,69,,
souvent,67,,
avons,66,,
avez,65,,
subjonctif,62,,
futur,59,,
simple,55,,
mis,54,,
pris,54,,
écrit,54,,
exemple,53,,
compris,53,,
sens,52,,
the,51,,
cru,49,,
avais,48,,
voulu,48,,
tenu,48,,
connu,48,,
reçu,48,,
apparentés,47,,
conditionnel,47,,
origine,46,,
contexte,46,,
signifie,46,,
peuvent,45,,
action,45,,
prononciation,43,,
utilisé,43,,
france,42,,
deux,41,,
latin,41,,
antérieur,41,,
monde,40,,
chose,40,,
aurais,40,,
française,39,,
présent,39,,
cela,38,,
idée,38,,
eus,38,,
terme,37,,
langue,37,,
verbe,37,,
phrases,36,,
leçon,35,,
étymologie,35,,
vient,35,,
comprendre,34,,
travail,33,,
venu,32,,
gpt,32,,
allé,32,,
signifiant,31,,
équivalent,30,,
prendre,29,,
quelqu,29,,
mode,29,,
expressions,29,,
composé,29,,
ailleurs,29,,
pourquoi,28,,
vocabulaire,27,,
décrire,27,,
histoire,27,,
langage,27,,
manière,26,,
jours,26,,
utilisation,24,,
aurait,24,,
avait,24,,
parfait,24,,
imparfait,24,,
soutenu,24,,
liberté,23,,
sujets,23,,
santé,23,,
suis,23,,
pourrait,23,,
culture,22,,
nouvelle,22,,
termes,22,,
ait,22,,
couches,22,,
permet,21,,
sociaux,21,,
aide,21,,
comment,21,,
faut,21,,
aurai,21,,
impératif,21,,
aie,21,,
aura,21,,
points,20,,
ressources,20,,
mieux,20,,
parler,20,,
pays,20,,
mettre,20,,
niveau,20,,
paris,20,,
allés,20,,
ayons,20,,
ayez,20,,
place,19,,
petit,19,,
pratiquer,19,,
celle,19,,
art,19,,
lieu,19,,
louer,19,,
avions,19,,
aviez,19,,
avaient,19,,
eûmes,19,,
eûtes,19,,
eurent,19,,
auras,19,,
aurons,19,,
aurez,19,,
auront,19,,
aurions,19,,
auriez,19,,
auraient,19,,
aies,19,,
aient,19,,
parc,19,,
exprimer,18,,
sociales,18,,
sociale,18,,
aujourd,18,,
hui,18,,
formel,18,,
provient,18,,
moment,18,,
maison,18,,
couche,18,,
eut,18,,
venus,18,,
voici,17,,
donner,17,,
situation,17,,
usage,17,,
celui,17,,
grand,17,,
pronoms,17,,
doit,16,,
nouvelles,16,,
esprit,16,,
système,16,,
apprendre,16,,
beauté,16,,
phrase,16,,
dire,16,,
ancien,16,,
sons,16,,
idées,15,,
créer,15,,
permettent,15,,
apprentissage,15,,
ville,15,,
résumé,15,,
eau,15,,
proche,15,,
état,15,,
amis,15,,
adjectif,15,,
serait,15,,
équivalente,15,,
homme,15,,
sommes,15,,
choses,15,,
dois,15,,
forme,14,,
mal,14,,
davantage,14,,
accès,14,,
information,14,,
gens,14,,
face,14,,
grande,14,,
aime,14,,
personnes,14,,
siècle,14,,
liée,14,,
vieux,14,,
pense,14,,
lors,14,,
enfants,14,,
nom,14,,
utilisée,14,,
amour,14,,
seulement,14,,
peux,14,,
orléans,14,,
démonstratifs,14,,
cours,13,,
stress,13,,
améliorer,13,,
devrait,13,,
culturelle,13,,
questions,13,,
femme,13,,
plutôt,13,,
contextes,13,,
jour,13,,
lire,13,,
location,13,,
éloges,13,,
utilise,13,,
national,13,,
corey,12,,
diversité,12,,
parfois,12,,
éducation,12,,
meilleure,12,,
entraîner,12,,
rapide,12,,
question,12,,
économique,12,,
vacances,12,,
compréhension,12,,
créativité,12,,
situations,12,,
désigne,12,,
travailler,12,,
heures,12,,
étais,12,,
évolution,12,,
linguistique,12,,
dérivé,12,,
imagine,12,,
sais,12,,
creux,12,,
projections,12,,
public,11,,
réseaux,11,,
inégalités,11,,
innovation,11,,
qualité,11,,
favorise,11,,
manque,11,,
importance,11,,
environnement,11,,
réflexion,11,,
nouveaux,11,,
passe,11,,
nombre,11,,
corps,11,,
trouve,11,,
position,11,,
coup,11,,
moments,11,,
technologie,11,,
lorsqu,11,,
nouveau,11,,
fais,11,,
placer,11,,
valeur,11,,
livres,11,,
lego,11,,
veux,11,,
dis,11,,
pratique,10,,
informations,10,,
chacun,10,,
fois,10,,
opportunités,10,,
offrent,10,,
ceux,10,,
ligne,10,,
espace,10,,
air,10,,
notamment,10,,
signifiait,10,,
bonne,10,,
film,10,,
énergie,10,,
ans,10,,
année,10,,
équivalentes,10,,
culturels,10,,
principalement,10,,
image,10,,
actions,10,,
féminin,10,,
évolué,10,,
états,10,,
unis,10,,
maintenant,10,,
connais,10,,
masculin,10,,
that,10,,
malentendus,10,,
and,10,,
seul,10,,
connaître,10,,
chanson,10,,
soleil,10,,
devoirs,10,,
êtes,10,,
vois,10,,
prends,10,,
tenir,10,,
paroles,10,,
limites,9,,
discours,9,,
formes,9,,
risque,9,,
critique,9,,
urbanisation,9,,
isolement,9,,
impact,9,,
société,9,,
réduire,9,,
croissance,9,,
vue,9,,
lié,9,,
transports,9,,
villes,9,,
élevé,9,,
grandes,9,,
épisode,9,,
partie,9,,
sujet,9,,
cœur,9,,
spécifiques,9,,
reste,9,,
général,9,,
désigner,9,,
quotidienne,9,,
différents,9,,
one,9,,
faites,9,,
musique,9,,
voyage,9,,
endroit,9,,
janvier,9,,
soit,9,,
participe,9,,
ensemble,9,,
courant,9,,
généralement,9,,
mouvement,9,,
formels,9,,
colère,9,,
time,9,,
rend,9,,
façon,9,,
films,9,,
utiliser,9,,
existe,9,,
évoque,9,,
voit,9,,
tableaux,9,,
octobre,9,,
viens,9,,
tiens,9,,
rechercher,9,,
ceci,9,,
informel,9,,
porte,9,,
claire,9,,
introduire,9,,
orage,9,,
unique,8,,
internet,8,,
favoriser,8,,
renforcer,8,,
gouvernements,8,,
problèmes,8,,
pression,8,,
naturelles,8,,
gestion,8,,
activités,8,,
philosophie,8,,
productivité,8,,
cas,8,,
directement,8,,
services,8,,
raison,8,,
lien,8,,
trois,8,,
frais,8,,
années,8,,
gérer,8,,
tête,8,,
relations,8,,
événements,8,,
transport,8,,
individuels,8,,
attention,8,,
nombreuses,8,,
réalité,8,,
hugo,8,,
congés,8,,
rtt,8,,
semaine,8,,
langues,8,,
exemples,8,,
latine,8,,
développement,8,,
apparenté,8,,
traduction,8,,
associé,8,,
passer,8,,
signifier,8,,
métaphore,8,,
référence,8,,
belle,8,,
doivent,8,,
signification,8,,
mets,8,,
indiquer,8,,
lis,8,,
viennent,8,,
tour,8,,
serais,8,,
future,8,,
cuisine,8,,
mois,8,,
disent,8,,
comprends,8,,
pain,8,,
orages,8,,
séjour,8,,
février,7,,
absence,7,,
politique,7,,
dix,7,,
logement,7,,
professionnelle,7,,
sentiment,7,,
cohésion,7,,
cultures,7,,
perspectives,7,,
efficacité,7,,
regarde,7,,
youtube,7,,
entreprises,7,,
nuire,7,,
utilisés,7,,
outils,7,,
forte,7,,
soins,7,,
perte,7,,
chaleur,7,,
rythme,7,,
différence,7,,
tensions,7,,
particulier,7,,
employé,7,,
entreprise,7,,
liste,7,,
besoin,7,,
homard,7,,
regarder,7,,
matin,7,,
habitudes,7,,
livre,7,,
chatgpt,7,,
lumière,7,,
jusqu,7,,
issu,7,,
chance,7,,
indiquant,7,,
accent,7,,
avenir,7,,
littéralement,7,,
foudre,7,,
with,7,,
différentes,7,,
facile,7,,
terre,7,,
couple,7,,
préfère,7,,
voiture,7,,
acheter,7,,
aider,7,,
organiser,7,,
met,7,,
écouter,7,,
ajouter,7,,
chaleureuse,7,,
fil,7,,
spécifique,7,,
french,7,,
schémas,7,,
trouver,7,,
près,7,,
précis,7,,
sois,7,,
allons,7,,
pouvez,7,,
écrire,7,,
écris,7,,
reçois,7,,
crois,7,,
ronds,7,,
début,7,,
café,7,,
vent,7,,
exercices,7,,
lune,7,,
opinions,6,,
ordre,6,,
éviter,6,,
débat,6,,
limiter,6,,
censure,6,,
groupes,6,,
pollution,6,,
distance,6,,
flexibilité,6,,
privée,6,,
mise,6,,
interactions,6,,
solutions,6,,
écologiques,6,,
voyager,6,,
découvrir,6,,
capacité,6,,
individu,6,,
permettant,6,,
voix,6,,
personnelles,6,,
intérêt,6,,
artistique,6,,
recherche,6,,
empreinte,6,,
vivre,6,,
expérience,6,,
première,6,,
urgence,6,,
également,6,,
deuxième,6,,
défis,6,,
pénurie,6,,
avis,6,,
appelle,6,,
rapport,6,,
eux,6,,
résoudre,6,,
réduction,6,,
long,6,,
communication,6,,
travaillent,6,,
petites,6,,
chocolat,6,,
pouvons,6,,
responsabilité,6,,
adopter,6,,
efforts,6,,
rendant,6,,
changements,6,,
nécessaires,6,,
compte,6,,
humain,6,,
devons,6,,
storyworth,6,,
environ,6,,
médias,6,,
agit,6,,
remonte,6,,
loti,6,,
reconnaître,6,,
uniques,6,,
changement,6,,
notion,6,,
nuit,6,,
qualités,6,,
femmes,6,,
reflète,6,,
actuelles,6,,
devenir,6,,
domaines,6,,
moderne,6,,
populaire,6,,
style,6,,
œuvres,6,,
moyen,6,,
extension,6,,
respect,6,,
groupe,6,,
celles,6,,
rendre,6,,
complexes,6,,
comprend,6,,
flâner,6,,
attitude,6,,
décembre,6,,
maintenir,6,,
plupart,6,,
beau,6,,
envers,6,,
faisant,6,,
doute,6,,
bon,6,,
chien,6,,
lit,6,,
plaisir,6,,
douce,6,,
vont,6,,
font,6,,
prend,6,,
ambiance,6,,
faisons,6,,
sait,6,,
train,6,,
mettez,6,,
étroitement,6,,
verre,6,,
incluent,6,,
fonction,6,,
texte,6,,
ensuite,6,,
places,6,,
ombre,6,,
château,6,,
linge,6,,
produit,6,,
voudrais,6,,
jazz,6,,
genre,6,,
mardi,6,,
pleut,6,,
out,6,,
liaison,6,,
sortir,6,,
verbes,6,,
fus,6,,
allez,6,,
veut,6,,
comprennent,6,,
recevoir,6,,
carré,6,,
populaires,6,,
cinéma,6,,
démonstratif,6,,
heure,6,,
loin,6,,
rêverie,6,,
paul,6,,
enfiler,6,,
auto,5,,
désinformation,5,,
protéger,5,,
économiques,5,,
mentale,5,,
physique,5,,
télétravail,5,,
politiques,5,,
nécessité,5,,
pause,5,,
durable,5,,
élèves,5,,
enjeux,5,,
essor,5,,
avancées,5,,
adapter,5,,
social,5,,
contenu,5,,
consommation,5,,
excessive,5,,
plaît,5,,
modernes,5,,
confort,5,,
publics,5,,
coût,5,,
entier,5,,
locale,5,,
créant,5,,
partage,5,,
personnel,5,,
prise,5,,
charge,5,,
donne,5,,
assurance,5,,
fonctionne,5,,
individuelle,5,,
connaît,5,,
demande,5,,
problème,5,,
employés,5,,
propre,5,,
cause,5,,
domicile,5,,
divers,5,,
objectifs,5,,
salariés,5,,
possible,5,,
supplémentaires,5,,
have,5,,
enfant,5,,
well,5,,
soir,5,,
parlez,5,,
françaises,5,,
météorologiques,5,,
loisirs,5,,
libre,5,,
sport,5,,
concerne,5,,
choix,5,,
sources,5,,
vélo,5,,
choisir,5,,
prix,5,,
tient,5,,
comportement,5,,
humains,5,,
surtout,5,,
grèves,5,,
montre,5,,
semaines,5,,
europe,5,,
perçue,5,,
accord,5,,
lot,5,,
croquer,5,,
pleine,5,,
dents,5,,
émotions,5,,
normes,5,,
apparence,5,,
locales,5,,
éléments,5,,
profondément,5,,
parties,5,,
émotion,5,,
parents,5,,
intégrer,5,,
anglicismes,5,,
concept,5,,
vaut,5,,
premier,5,,
riche,5,,
équilibre,5,,
pluriel,5,,
professionnels,5,,
make,5,,
life,5,,
enseigner,5,,
reconnaissance,5,,
concentrer,5,,
éclair,5,,
significations,5,,
intensité,5,,
événement,5,,
concurrentiel,5,,
flânerie,5,,
connexion,5,,
simples,5,,
personnelle,5,,
habitude,5,,
retour,5,,
importantes,5,,
court,5,,
parce,5,,
juste,5,,
ami,5,,
déluge,5,,
don,5,,
this,5,,
but,5,,
fer,5,,
step,5,,
suivre,5,,
échec,5,,
informatique,5,,
famille,5,,
feu,5,,
école,5,,
afin,5,,
intéressant,5,,
effort,5,,
erreur,5,,
garder,5,,
nouvel,5,,
scène,5,,
changer,5,,
difficiles,5,,
objectif,5,,
international,5,,
chaud,5,,
synonyme,5,,
ajoute,5,,
tellement,5,,
louant,5,,
laudare,5,,
dessus,5,,
week,5,,
poussins,5,,
quartiers,5,,
côté,5,,
figuré,5,,
symbolisant,5,,
trinquer,5,,
adore,5,,
millions,5,,
milieu,5,,
voitures,5,,
souvenir,5,,
projection,5,,
soient,5,,
mettons,5,,
novembre,5,,
like,5,,
mettent,5,,
nord,5,,
will,5,,
argent,5,,
demain,5,,
exceptions,5,,
achevée,5,,
irréguliers,5,,
déjeuner,5,,
voulez,5,,
voyons,5,,
voyez,5,,
voient,5,,
venons,5,,
venez,5,,
devez,5,,
prenons,5,,
prenez,5,,
prennent,5,,
lisez,5,,
croire,5,,
inventé,5,,
baguette,5,,
boulangerie,5,,
jardin,5,,
part,5,,
faits,5,,
coin,5,,
rue,5,,
passages,5,,
pierre,5,,
dialogues,5,,
vêtements,5,,
planifier,5,,
appartement,5,,
direct,5,,
argument,5,,
coincé,5,,
singulier,5,,
informels,5,,
errer,5,,
reverie,5,,
prince,5,,
articles,5,,
traduit,5,,
introduce,5,,
pluie,5,,
parti,5,,
articulation,5,,
élision,5,,
chansons,5,,
voyelles,5,,
fin,5,,
onglet,5,,
opinion,4,,
propos,4,,
régulation,4,,
nécessaire,4,,
troubles,4,,
abus,4,,
cadre,4,,
humour,4,,
partager,4,,
clair,4,,
individus,4,,
jeunes,4,,
lois,4,,
discuter,4,,
culturelles,4,,
améliore,4,,
réduit,4,,
travers,4,,
source,4,,
bénévolat,4,,
justifient,4,,
déconnexion,4,,
résistance,4,,
enrichissant,4,,
ouvre,4,,
matières,4,,
pratiques,4,,
préparer,4,,
risques,4,,
matière,4,,
confidentialité,4,,
données,4,,
technologies,4,,
réel,4,,
vite,4,,
entraînant,4,,
mouvements,4,,
développer,4,,
divertissement,4,,
encourager,4,,
institutions,4,,
manipuler,4,,
injustices,4,,
numériques,4,,
familier,4,,
vérité,4,,
meilleures,4,,
hôpitaux,4,,
enrichit,4,,
trajets,4,,
quotidiens,4,,
parcs,4,,
expansion,4,,
concentration,4,,
besoins,4,,
intelligentes,4,,
dépendance,4,,
médical,4,,
urgences,4,,
hospitalier,4,,
maladie,4,,
mutuelle,4,,
complète,4,,
économie,4,,
disponibilité,4,,
indique,4,,
salarié,4,,
avantages,4,,
confiance,4,,
implique,4,,
émissions,4,,
possibilité,4,,
calme,4,,
déplacer,4,,
neige,4,,
repas,4,,
météo,4,,
photographie,4,,
fêtes,4,,
moyens,4,,
utilisez,4,,
privilégier,4,,
produits,4,,
comportements,4,,
échelle,4,,
êtres,4,,
devraient,4,,
relation,4,,
stéréotypes,4,,
courante,4,,
plein,4,,
âge,4,,
suite,4,,
durée,4,,
types,4,,
garage,4,,
vidéo,4,,
artistiques,4,,
inciter,4,,
réponse,4,,
attirer,4,,
sexe,4,,
porter,4,,
formé,4,,
réalités,4,,
nuances,4,,
culturel,4,,
tandis,4,,
identité,4,,
traditionnels,4,,
patrimoine,4,,
générations,4,,
rapidement,4,,
peine,4,,
droit,4,,
conflits,4,,
autour,4,,
condition,4,,
partir,4,,
suffixe,4,,
coloniale,4,,
réconciliation,4,,
expliquer,4,,
erreurs,4,,
sociétés,4,,
histoires,4,,
négatif,4,,
émotionnelle,4,,
racine,4,,
lightning,4,,
sombre,4,,
autrui,4,,
approche,4,,
ralentir,4,,
sud,4,,
serions,4,,
croit,4,,
arrière,4,,
peur,4,,
back,4,,
vendeur,4,,
agréable,4,,
île,4,,
travaille,4,,
acte,4,,
amérique,4,,
grands,4,,
puis,4,,
agréables,4,,
stratégies,4,,
obliques,4,,
accepter,4,,
recommande,4,,
podcasts,4,,
important,4,,
conseils,4,,
fatigué,4,,
désignait,4,,
petite,4,,
note,4,,
documents,4,,
base,4,,
adverbe,4,,
foyer,4,,
lisant,4,,
blague,4,,
troisième,4,,
gladys,4,,
métaphoriquement,4,,
placez,4,,
disposition,4,,
temporaire,4,,
acheté,4,,
pronom,4,,
examiner,4,,
objet,4,,
garde,4,,
féru,4,,
presque,4,,
fort,4,,
agisse,4,,
boire,4,,
rouge,4,,
commence,4,,
contes,4,,
nombres,4,,
chat,4,,
mathématiques,4,,
blocs,4,,
détails,4,,
courtes,4,,
complexité,4,,
aident,4,,
parking,4,,
vides,4,,
tableau,4,,
dinosaure,4,,
simplifier,4,,
pièces,4,,
buanderie,4,,
simplement,4,,
prochaine,4,,
musée,4,,
georges,4,,
moutons,4,,
connotation,4,,
agir,4,,
panurge,4,,
symbole,4,,
hypothèse,4,,
arrive,4,,
incertaine,4,,
journal,4,,
jeudi,4,,
arbres,4,,
passée,4,,
littérature,4,,
ferais,4,,
antérieure,4,,
serai,4,,
soyons,4,,
soyez,4,,
vais,4,,
vas,4,,
voulons,4,,
veulent,4,,
savons,4,,
savez,4,,
savent,4,,
devrais,4,,
disons,4,,
dites,4,,
tenons,4,,
tenez,4,,
tiennent,4,,
comprenons,4,,
comprenez,4,,
connaissons,4,,
connaissez,4,,
connaissent,4,,
lisons,4,,
lisent,4,,
écrivons,4,,
écrivez,4,,
écrivent,4,,
recevons,4,,
recevez,4,,
reçoivent,4,,
croyons,4,,
croyez,4,,
croient,4,,
mépris,4,,
arrivé,4,,
parisiens,4,,
beurre,4,,
nombreux,4,,
possède,4,,
région,4,,
quatre,4,,
charles,4,,
conçu,4,,
restaurants,4,,
artistes,4,,
restaurant,4,,
étoiles,4,,
célèbre,4,,
vaudou,4,,
supplémentaire,4,,
situé,4,,
mètres,4,,
abrite,4,,
nature,4,,
haut,4,,
bois,4,,
arches,4,,
arbre,4,,
traditionnelles,4,,
shopping,4,,
utiles,4,,
sports,4,,
discussion,4,,
parlé,4,,
bilan,4,,
bonjour,4,,
registre,4,,
frère,4,,
avion,4,,
amusant,4,,
griffe,4,,
english,4,,
word,4,,
rêvasserie,4,,
méditation,4,,
rêve,4,,
torte,4,,
botte,4,,
marcher,4,,
mangé,4,,
marché,4,,
liaisons,4,,
courts,4,,
apparat,4,,
elsewhere,4,,
ciel,4,,
pensez,4,,
soutenir,4,,
voyelle,4,,
equivalent,4,,
rôder,4,,
ipa,4,,
clubs,4,,
parisienne,4,,
contrepoints,3,,
pensée,3,,
conduire,3,,
diffusion,3,,
publique,3,,
prétexte,3,,
violence,3,,
principes,3,,
légal,3,,
conséquences,3,,
causer,3,,
communautés,3,,
favorisent,3,,
exclusion,3,,
défendre,3,,
intéressants,3,,
aborder,3,,
papoter,3,,
tailler,3,,
bavette,3,,
offre,3,,
facilitant,3,,
emploi,3,,
affectant,3,,
habitants,3,,
déplacements,3,,
claires,3,,
équipe,3,,
facilitent,3,,
polarisation,3,,
liens,3,,
sein,3,,
communauté,3,,
freiner,3,,
essentielle,3,,
garantir,3,,
vivant,3,,
haineux,3,,
discriminatoires,3,,
dignité,3,,
numérique,3,,
écrans,3,,
sommeil,3,,
professionnelles,3,,
rareté,3,,
industries,3,,
détente,3,,
active,3,,
enseignement,3,,
lycée,3,,
développe,3,,
consacré,3,,
médecine,3,,
publicité,3,,
perspective,3,,
large,3,,
citoyens,3,,
informer,3,,
rester,3,,
partageant,3,,
exposition,3,,
formation,3,,
accessibles,3,,
comparaison,3,,
influence,3,,
promouvoir,3,,
modes,3,,
irréalistes,3,,
technologique,3,,
croissant,3,,
énergétique,3,,
carbone,3,,
améliorent,3,,
rendent,3,,
longs,3,,
musées,3,,
urbaine,3,,
diversifié,3,,
échanges,3,,
urbains,3,,
mener,3,,
recyclage,3,,
écologique,3,,
crée,3,,
attire,3,,
espaces,3,,
verts,3,,
menace,3,,
surcharge,3,,
planifiée,3,,
smart,3,,
innerfrench,3,,
podcast,3,,
hospitalisation,3,,
route,3,,
pompiers,3,,
service,3,,
fonctionnement,3,,
différences,3,,
financement,3,,
sécurité,3,,
enfin,3,,
réformes,3,,
étudier,3,,
composer,3,,
couvre,3,,
chambre,3,,
meilleurs,3,,
profondes,3,,
adaptation,3,,
prochaines,3,,
grammaire,3,,
insuffisance,3,,
premières,3,,
évoquer,3,,
mentionné,3,,
actuel,3,,
décrivant,3,,
suggère,3,,
collègue,3,,
animal,3,,
avantage,3,,
remettre,3,,
déménagement,3,,
augmentation,3,,
repos,3,,
ordinateur,3,,
pouvant,3,,
horaire,3,,
facilement,3,,
horaires,3,,
coûts,3,,
électricité,3,,
contrainte,3,,
complexe,3,,
suivi,3,,
accrue,3,,
activité,3,,
présence,3,,
assurer,3,,
lieux,3,,
adoption,3,,
épuisement,3,,
good,3,,
journaux,3,,
lobster,3,,
old,3,,
quotidien,3,,
alimentaires,3,,
recettes,3,,
culinaires,3,,
saisons,3,,
voyages,3,,
progrès,3,,
personnels,3,,
viande,3,,
locaux,3,,
effet,3,,
détourner,3,,
inclut,3,,
étant,3,,
étranger,3,,
toutefois,3,,
vision,3,,
payés,3,,
lotis,3,,
espagne,3,,
comparable,3,,
européens,3,,
intenses,3,,
retraite,3,,
départ,3,,
royaume,3,,
uni,3,,
différemment,3,,
élément,3,,
souligne,3,,
passage,3,,
cependant,3,,
accordent,3,,
atteindre,3,,
sort,3,,
germaniques,3,,
équivalents,3,,
bad,3,,
générale,3,,
reflétant,3,,
ancienne,3,,
vide,3,,
émotionnel,3,,
subjective,3,,
expériences,3,,
acceptation,3,,
extérieure,3,,
standards,3,,
psychologique,3,,
favorisant,3,,
repose,3,,
symbolise,3,,
progéniture,3,,
potentiellement,3,,
aspects,3,,
fumée,3,,
raisons,3,,
vivante,3,,
introduction,3,,
emprunt,3,,
ouverte,3,,
locuteurs,3,,
richesse,3,,
mondiale,3,,
sert,3,,
étatique,3,,
images,3,,
inadaptées,3,,
actes,3,,
structures,3,,
transformer,3,,
administration,3,,
approprié,3,,
pensées,3,,
héritages,3,,
voie,3,,
historiques,3,,
raviver,3,,
empêcher,3,,
montée,3,,
angle,3,,
nuages,3,,
sol,3,,
tonnerre,3,,
puissance,3,,
passion,3,,
intense,3,,
inclure,3,,
fulgurant,3,,
dark,3,,
astuce,3,,
give,3,,
full,3,,
poisson,3,,
profonde,3,,
compétences,3,,
difficile,3,,
voulais,3,,
prator,3,,
vis,3,,
floride,3,,
mariage,3,,
exponentielle,3,,
linéaire,3,,
université,3,,
probablement,3,,
illustre,3,,
naturellement,3,,
essayez,3,,
théâtre,3,,
appris,3,,
répondu,3,,
roi,3,,
anglaise,3,,
after,3,,
they,3,,
not,3,,
take,3,,
décision,3,,
époque,3,,
you,3,,
combinant,3,,
critiques,3,,
provoquer,3,,
fuite,3,,
follow,3,,
sûr,3,,
inutiles,3,,
médicales,3,,
manifestations,3,,
efficace,3,,
écriture,3,,
manuscrite,3,,
préférerais,3,,
espérer,3,,
riches,3,,
heureux,3,,
hommes,3,,
seule,3,,
rangée,3,,
importe,3,,
mère,3,,
extérieur,3,,
pauvres,3,,
belles,3,,
stupide,3,,
dépenser,3,,
puissent,3,,
élever,3,,
promener,3,,
devrions,3,,
obligatoire,3,,
quickly,3,,
motivation,3,,
rappelle,3,,
construire,3,,
applications,3,,
instrument,3,,
marre,3,,
sick,3,,
mesure,3,,
fluide,3,,
progression,3,,
traditionnelle,3,,
antoine,3,,
fâcher,3,,
upset,3,,
désaccord,3,,
warm,3,,
pièce,3,,
cheminée,3,,
illustration,3,,
tranquille,3,,
domestique,3,,
stay,3,,
type,3,,
lumières,3,,
mari,3,,
jouer,3,,
vraiment,3,,
éloge,3,,
célébrer,3,,
commune,3,,
locare,3,,
loue,3,,
temporairement,3,,
honneur,3,,
assigner,3,,
piédestal,3,,
montrer,3,,
louez,3,,
laud,3,,
élevée,3,,
imaginez,3,,
end,3,,
chauffeur,3,,
amusante,3,,
projets,3,,
poids,3,,
littéral,3,,
figuratif,3,,
look,3,,
déconseiller,3,,
résultat,3,,
domaine,3,,
éclairé,3,,
couramment,3,,
transformé,3,,
hors,3,,
lever,3,,
toast,3,,
incroyable,3,,
verres,3,,
mélange,3,,
tradition,3,,
laisse,3,,
sites,3,,
habituellement,3,,
apprend,3,,
suivant,3,,
susceptible,3,,
précises,3,,
générer,3,,
ajoutant,3,,
réponses,3,,
haute,3,,
conversations,3,,
faciles,3,,
conversation,3,,
niveaux,3,,
dessous,3,,
sparse,3,,
arrays,3,,
contiennent,3,,
endroits,3,,
mur,3,,
motifs,3,,
version,3,,
balle,3,,
lavage,3,,
épais,3,,
crustacé,3,,
plats,3,,
luxe,3,,
racines,3,,
similaires,3,,
rain,3,,
irais,3,,
incertitude,3,,
puisse,3,,
nage,3,,
rage,3,,
bateau,3,,
exception,3,,
aille,3,,
dimanche,3,,
murmure,3,,
habituelle,3,,
faisais,3,,
gâteau,3,,
souhait,3,,
fasses,3,,
oral,3,,
fasse,3,,
réalisée,3,,
aimerais,3,,
étions,3,,
étiez,3,,
fut,3,,
fûmes,3,,
fûtes,3,,
furent,3,,
seras,3,,
serons,3,,
serez,3,,
seriez,3,,
seraient,3,,
pourrais,3,,
pourraient,3,,
veuille,3,,
sache,3,,
vit,3,,
viendra,3,,
viendrait,3,,
vienne,3,,
connus,3,,
reçoit,3,,
fantaisie,3,,
déçu,3,,
déception,3,,
italie,3,,
guillaume,3,,
loi,3,,
devenu,3,,
châteaux,3,,
toilettes,3,,
publiques,3,,
ouvert,3,,
commander,3,,
fromage,3,,
bisous,3,,
chocolatine,3,,
guides,3,,
chats,3,,
domestiques,3,,
fascinants,3,,
célèbres,3,,
berceau,3,,
objets,3,,
visites,3,,
fruits,3,,
mer,3,,
architecture,3,,
forgé,3,,
nationaux,3,,
bas,3,,
canyon,3,,
kilomètres,3,,
forêts,3,,
montagnes,3,,
variés,3,,
courses,3,,
radio,3,,
immobilier,3,,
visage,3,,
hobbies,3,,
prénom,3,,
chanter,3,,
prochain,3,,
still,3,,
pincettes,3,,
considérer,3,,
pis,3,,
there,3,,
classifier,3,,
précise,3,,
contextuel,3,,
fréquemment,3,,
parle,3,,
attend,3,,
métro,3,,
correcte,3,,
sœur,3,,
guitare,3,,
fauve,3,,
couleur,3,,
ongle,3,,
dès,3,,
cito,3,,
cognate,3,,
for,3,,
cite,3,,
comes,3,,
from,3,,
which,3,,
hocher,3,,
renseigner,3,,
fournir,3,,
fermée,3,,
flots,3,,
hours,3,,
légumes,3,,
montagne,3,,
bras,3,,
prononce,3,,
écrites,3,,
intonation,3,,
mélodie,3,,
presse,3,,
proposent,3,,
échouer,3,,
bouger,3,,
cérémonial,3,,
vêtement,3,,
déplacement,3,,
also,3,,
littérale,3,,
storms,3,,
tempête,3,,
storm,3,,
éclairs,3,,
fille,3,,
explorer,3,,
roses,3,,
conjonction,3,,
maintenu,3,,
essai,3,,
maîtrise,3,,
septembre,3,,
virelangues,3,,
tonton,3,,
lèvres,3,,
concentrant,3,,
audio,3,,
stone,3,,
bons,3,,
stromæ,3,,
doux,3,,
nasales,3,,
brillent,3,,
réveille,3,,
miami,3,,
rencontrer,3,,
ateliers,3,,
sacrément,3,,
douzaine,2,,
enrichir,2,,
évite,2,,
totale,2,,
fausses,2,,
incitant,2,,
haine,2,,
préserver,2,,
suffisent,2,,
extrêmes,2,,
protège,2,,
dénoncer,2,,
essentielles,2,,
perçu,2,,
blesser,2,,
restrictions,2,,
extrémistes,2,,
sensibilités,2,,
entendre,2,,
dangereux,2,,
vulnérables,2,,
engendre,2,,
conciliation,2,,
baisse,2,,
connectent,2,,
émergence,2,,
militantisme,2,,
contribuer,2,,
renforce,2,,
tisser,2,,
solidarité,2,,
compter,2,,
bénévoles,2,,
décharger,2,,
responsabilités,2,,
structurantes,2,,
remise,2,,
établi,2,,
nuisent,2,,
digital,2,,
detox,2,,
authentiques,2,,
hyperconnecté,2,,
retard,2,,
finitude,2,,
conscience,2,,
pousse,2,,
coûteuses,2,,
ralenter,2,,
suscitant,2,,
enrichissantes,2,,
purement,2,,
reposantes,2,,
crucial,2,,
ressourcer,2,,
initier,2,,
philosophique,2,,
argumenter,2,,
sociétaux,2,,
estiment,2,,
personnalisée,2,,
génétique,2,,
intelligence,2,,
artificielle,2,,
traitements,2,,
améliorant,2,,
inégal,2,,
creuser,2,,
hâte,2,,
commentaires,2,,
avertissement,2,,
news,2,,
remplacer,2,,
donnent,2,,
utilisateurs,2,,
structuré,2,,
via,2,,
plateformes,2,,
menaçant,2,,
augmentent,2,,
poussant,2,,
marques,2,,
toucher,2,,
encouragent,2,,
kill,2,,
chaîne,2,,
infrastructures,2,,
commun,2,,
éducatives,2,,
restent,2,,
populations,2,,
entrepreneuriat,2,,
concurrence,2,,
médicaux,2,,
cliniques,2,,
ouverture,2,,
énergies,2,,
renouvelables,2,,
dynamisme,2,,
métropoles,2,,
emplois,2,,
talents,2,,
périphérie,2,,
biodiversité,2,,
pauvreté,2,,
fluidité,2,,
socialisation,2,,
raconte,2,,
accident,2,,
décrit,2,,
seconde,2,,
expliquant,2,,
médecins,2,,
programmée,2,,
avance,2,,
numéros,2,,
expliquez,2,,
ticket,2,,
choisit,2,,
universel,2,,
principaux,2,,
répartition,2,,
aideront,2,,
règles,2,,
xvie,2,,
nécessairement,2,,
déficit,2,,
carence,2,,
quantité,2,,
suffit,2,,
embaucher,2,,
salaire,2,,
savaient,2,,
ménage,2,,
siège,2,,
casse,2,,
difficulté,2,,
efficacement,2,,
plages,2,,
hyperconnexion,2,,
connecté,2,,
affecter,2,,
influençant,2,,
diminution,2,,
dynamique,2,,
appartenance,2,,
organisation,2,,
amélioration,2,,
disparités,2,,
équipement,2,,
confortablement,2,,
réellement,2,,
travaillées,2,,
méthodes,2,,
adaptés,2,,
restant,2,,
flexible,2,,
stimulation,2,,
way,2,,
blancs,2,,
vice,2,,
mignon,2,,
conversationnel,2,,
aimez,2,,
spécialités,2,,
discutez,2,,
lecture,2,,
actualités,2,,
récemment,2,,
mobilité,2,,
profondeur,2,,
réchauffement,2,,
climatique,2,,
opter,2,,
marche,2,,
diminue,2,,
saison,2,,
sensibilisation,2,,
durables,2,,
incite,2,,
insignifiants,2,,
polluantes,2,,
responsables,2,,
continueront,2,,
alternatives,2,,
systèmes,2,,
largement,2,,
pervers,2,,
insister,2,,
environnementaux,2,,
limitée,2,,
élevés,2,,
total,2,,
influencé,2,,
augmenter,2,,
taxer,2,,
gardé,2,,
contact,2,,
anciens,2,,
préférés,2,,
marquants,2,,
réputation,2,,
mettant,2,,
perception,2,,
fréquentes,2,,
incomplète,2,,
bénéficient,2,,
grève,2,,
phénomène,2,,
exagéré,2,,
périodes,2,,
protection,2,,
provoquant,2,,
décennies,2,,
reçues,2,,
forcément,2,,
voisins,2,,
déconstruit,2,,
diffère,2,,
travailleurs,2,,
compare,2,,
explication,2,,
récupérer,2,,
delà,2,,
congé,2,,
ouvrés,2,,
varie,2,,
lotir,2,,
attribuer,2,,
germanique,2,,
attribuée,2,,
tirage,2,,
retrouve,2,,
diviser,2,,
privilégié,2,,
défavorable,2,,
off,2,,
financière,2,,
désavantagé,2,,
divisés,2,,
construction,2,,
grenier,2,,
époques,2,,
arts,2,,
offrant,2,,
variées,2,,
moteur,2,,
évolue,2,,
stimulant,2,,
débats,2,,
rejet,2,,
estime,2,,
renforçant,2,,
obsession,2,,
marginaliser,2,,
critères,2,,
uniformisation,2,,
essentiels,2,,
réfléchir,2,,
principe,2,,
opposé,2,,
darwiniens,2,,
poitrine,2,,
idéal,2,,
basé,2,,
drame,2,,
règle,2,,
naturelle,2,,
phase,2,,
concepts,2,,
représenter,2,,
valeurs,2,,
globalisé,2,,
invasion,2,,
affaiblit,2,,
disparition,2,,
profit,2,,
prestigieux,2,,
futile,2,,
jeu,2,,
mème,2,,
variations,2,,
biologie,2,,
impliquent,2,,
blagues,2,,
hyperfixé,2,,
permis,2,,
exposer,2,,
fondamental,2,,
protégé,2,,
contenir,2,,
paix,2,,
exploitation,2,,
souffrances,2,,
décisions,2,,
dérive,2,,
caractéristique,2,,
related,2,,
inadapté,2,,
éducatifs,2,,
qualifier,2,,
attentes,2,,
préfixe,2,,
conjugaison,2,,
adaptées,2,,
dœsn,2,,
coloniaux,2,,
origines,2,,
anciennes,2,,
colonies,2,,
victimes,2,,
hommage,2,,
reproduire,2,,
dynamiques,2,,
renforcement,2,,
interculturel,2,,
adresser,2,,
ressasser,2,,
colonial,2,,
progresser,2,,
colonialisme,2,,
frein,2,,
contemporains,2,,
inutile,2,,
passés,2,,
uniquement,2,,
récits,2,,
soudaine,2,,
liées,2,,
rapidité,2,,
love,2,,
someone,2,,
down,2,,
inattendu,2,,
obscure,2,,
indice,2,,
clue,2,,
hautement,2,,
catch,2,,
loisir,2,,
équilibrée,2,,
saine,2,,
associer,2,,
prévenir,2,,
professionnel,2,,
plaisirs,2,,
freinant,2,,
kristin,2,,
has,2,,
doubts,2,,
actuellement,2,,
parcours,2,,
leçons,2,,
fossiles,2,,
manqué,2,,
centaines,2,,
rendu,2,,
climat,2,,
much,2,,
really,2,,
parfaitement,2,,
statu,2,,
quo,2,,
perdre,2,,
reflètent,2,,
semblant,2,,
extrême,2,,
ennuyeux,2,,
centre,2,,
louis,2,,
déclin,2,,
mort,2,,
universelle,2,,
jacente,2,,
fall,2,,
care,2,,
gone,2,,
same,2,,
soin,2,,
tâches,2,,
decision,2,,
inévitables,2,,
déconstruire,2,,
préjugés,2,,
collaboration,2,,
sérieux,2,,
proud,2,,
iron,2,,
two,2,,
forward,2,,
investir,2,,
idea,2,,
failure,2,,
couler,2,,
coule,2,,
fail,2,,
fossil,2,,
demi,2,,
cher,2,,
engendrer,2,,
internationale,2,,
vrai,2,,
induire,2,,
obtenir,2,,
ère,2,,
avancer,2,,
caractère,2,,
épouser,2,,
disparaître,2,,
voilà,2,,
bonheur,2,,
intelligent,2,,
revenir,2,,
sexualité,2,,
intéresse,2,,
sûrement,2,,
considéré,2,,
mourir,2,,
retrouver,2,,
soirée,2,,
posséder,2,,
dormir,2,,
interdire,2,,
vente,2,,
hasard,2,,
danger,2,,
milliards,2,,
programmes,2,,
meurent,2,,
admettre,2,,
manger,2,,
stade,2,,
fantasme,2,,
études,2,,
sinon,2,,
preuve,2,,
réaliser,2,,
retrouvé,2,,
classes,2,,
sexuels,2,,
essence,2,,
former,2,,
profiter,2,,
geste,2,,
lourd,2,,
complètement,2,,
new,2,,
flies,2,,
fun,2,,
stage,2,,
mistake,2,,
fixer,2,,
stricts,2,,
pauses,2,,
processus,2,,
reprendre,2,,
victoires,2,,
autrement,2,,
ludique,2,,
joue,2,,
excédé,2,,
intention,2,,
découvert,2,,
revue,2,,
appliqué,2,,
suivante,2,,
principale,2,,
méthode,2,,
dégoût,2,,
angry,2,,
fâché,2,,
raclette,2,,
plat,2,,
amitié,2,,
accueillante,2,,
bienveillante,2,,
emprunté,2,,
euse,2,,
température,2,,
coussins,2,,
génération,2,,
salon,2,,
casanière,2,,
casanier,2,,
préférence,2,,
xviie,2,,
attaché,2,,
homebody,2,,
home,2,,
traduire,2,,
entourée,2,,
décidé,2,,
bonus,2,,
puissant,2,,
magnifique,2,,
bord,2,,
attraper,2,,
voleur,2,,
document,2,,
paraguay,2,,
membres,2,,
historique,2,,
différent,2,,
rémunération,2,,
rejoignent,2,,
symboliquement,2,,
rattache,2,,
courage,2,,
attribuant,2,,
attribuez,2,,
élevant,2,,
cœxistent,2,,
distinguer,2,,
positive,2,,
loué,2,,
savait,2,,
photos,2,,
pleines,2,,
pencher,2,,
incliner,2,,
suspendu,2,,
inclinaison,2,,
réfléchi,2,,
own,2,,
bloquée,2,,
contraire,2,,
conseiller,2,,
marque,2,,
précaution,2,,
passionnée,2,,
fortement,2,,
intéressée,2,,
intellectuel,2,,
frapper,2,,
atteint,2,,
attachement,2,,
phénomènes,2,,
étroit,2,,
lier,2,,
issue,2,,
closely,2,,
importante,2,,
oiseaux,2,,
envol,2,,
avancée,2,,
apogée,2,,
spend,2,,
feedback,2,,
allemand,2,,
coutume,2,,
faisaient,2,,
boissons,2,,
saviez,2,,
associée,2,,
italien,2,,
apparentées,2,,
interjection,2,,
tchin,2,,
qing,2,,
éclairage,2,,
forts,2,,
robot,2,,
super,2,,
web,2,,
remarquer,2,,
maths,2,,
suivent,2,,
courantes,2,,
deviner,2,,
parles,2,,
lues,2,,
brillant,2,,
dirait,2,,
magie,2,,
revenons,2,,
parlons,2,,
empiler,2,,
petits,2,,
entières,2,,
détaillée,2,,
saisir,2,,
puzzles,2,,
compliqués,2,,
précision,2,,
vérifier,2,,
tomber,2,,
commencer,2,,
convient,2,,
global,2,,
meilleur,2,,
garées,2,,
gagner,2,,
casiers,2,,
lampe,2,,
poche,2,,
ombres,2,,
colorée,2,,
feuille,2,,
trace,2,,
angles,2,,
importants,2,,
création,2,,
latérale,2,,
fuseau,2,,
his,2,,
existence,2,,
repassage,2,,
bâtiments,2,,
maisons,2,,
lavait,2,,
main,2,,
rivière,2,,
laver,2,,
laundry,2,,
étape,2,,
manhattan,2,,
instead,2,,
jeter,2,,
envoyer,2,,
send,2,,
pot,2,,
vague,2,,
faisait,2,,
thick,2,,
fête,2,,
orlando,2,,
ordres,2,,
sheep,2,,
marin,2,,
décapode,2,,
gastronomie,2,,
eaux,2,,
néerlandais,2,,
crustacés,2,,
évoquant,2,,
délicate,2,,
luxueux,2,,
viendrai,2,,
sorti,2,,
hypothétiques,2,,
viennes,2,,
particulièrement,2,,
terminaison,2,,
musicien,2,,
boisson,2,,
age,2,,
ade,2,,
ance,2,,
ence,2,,
silence,2,,
arrivée,2,,
projet,2,,
tourisme,2,,
surprise,2,,
ouest,2,,
avril,2,,
chêne,2,,
ponctuelle,2,,
fit,2,,
ferai,2,,
mêmes,2,,
littéraires,2,,
simultanée,2,,
composés,2,,
fis,2,,
eût,2,,
allais,2,,
allait,2,,
allions,2,,
alliez,2,,
irez,2,,
pouvais,2,,
pouvait,2,,
pus,2,,
put,2,,
voulions,2,,
vouliez,2,,
voulus,2,,
savais,2,,
sus,2,,
saurais,2,,
voyais,2,,
voyait,2,,
voyions,2,,
voyiez,2,,
verrais,2,,
venais,2,,
venions,2,,
veniez,2,,
vins,2,,
viendrais,2,,
devais,2,,
devions,2,,
deviez,2,,
dus,2,,
doive,2,,
prenais,2,,
prenions,2,,
preniez,2,,
prendrais,2,,
prenne,2,,
disais,2,,
disions,2,,
disiez,2,,
dira,2,,
dirais,2,,
dise,2,,
mettais,2,,
mettions,2,,
mettiez,2,,
mettrais,2,,
mette,2,,
tenais,2,,
tenions,2,,
teniez,2,,
tins,2,,
tiendrais,2,,
tienne,2,,
comprenais,2,,
comprenions,2,,
compreniez,2,,
comprendrais,2,,
comprenne,2,,
connaissais,2,,
connaissions,2,,
connaissiez,2,,
connaîtrais,2,,
connaisse,2,,
lisais,2,,
lisions,2,,
lisiez,2,,
lus,2,,
liras,2,,
lirais,2,,
lise,2,,
écrivais,2,,
écrivions,2,,
écriviez,2,,
écrivis,2,,
écrirais,2,,
écrive,2,,
recevais,2,,
recevions,2,,
receviez,2,,
recevaient,2,,
reçus,2,,
recevrais,2,,
reçoive,2,,
croyais,2,,
croyions,2,,
croyiez,2,,
crus,2,,
croirais,2,,
croie,2,,
fini,2,,
next,2,,
mépriser,2,,
dédain,2,,
employée,2,,
décevoir,2,,
tromper,2,,
angleterre,2,,
cour,2,,
métrique,2,,
mesures,2,,
décret,2,,
unesco,2,,
invention,2,,
popularisé,2,,
manoir,2,,
régionales,2,,
parlées,2,,
basque,2,,
corse,2,,
belges,2,,
suisses,2,,
vingt,2,,
jean,2,,
parisiennes,2,,
gratuites,2,,
xviiie,2,,
boulanger,2,,
véritable,2,,
variétés,2,,
président,2,,
fromages,2,,
bouquinistes,2,,
seine,2,,
occasion,2,,
science,2,,
surnom,2,,
imaginaire,2,,
collectif,2,,
eiffel,2,,
michelin,2,,
fondé,2,,
frères,2,,
chiens,2,,
regorge,2,,
cimetières,2,,
conduit,2,,
live,2,,
gras,2,,
chars,2,,
organisations,2,,
costumes,2,,
fantômes,2,,
longtemps,2,,
cérémonies,2,,
boys,2,,
sandwiches,2,,
cocktail,2,,
colorés,2,,
balcons,2,,
collection,2,,
garden,2,,
lagniappe,2,,
beignets,2,,
chicorée,2,,
typiques,2,,
intéressantes,2,,
yellowstone,2,,
californie,2,,
arizona,2,,
everglades,2,,
mangroves,2,,
écosystèmes,2,,
marais,2,,
tropicales,2,,
humides,2,,
mammoth,2,,
cave,2,,
trouvés,2,,
visité,2,,
destination,2,,
amoureux,2,,
denali,2,,
mont,2,,
sommet,2,,
hawaï,2,,
volcans,2,,
actifs,2,,
géologique,2,,
olympic,2,,
sauvage,2,,
utah,2,,
merveille,2,,
zone,2,,
caisse,2,,
symptômes,2,,
bureau,2,,
réunions,2,,
éducatif,2,,
scolaire,2,,
relatifs,2,,
sportifs,2,,
gadgets,2,,
informatiques,2,,
genres,2,,
musicaux,2,,
instruments,2,,
quotidiennes,2,,
inviter,2,,
coutumes,2,,
durabilité,2,,
menus,2,,
souvenirs,2,,
ingénuité,2,,
similaire,2,,
playing,2,,
innocent,2,,
came,2,,
dehors,2,,
gamme,2,,
scale,2,,
sing,2,,
tune,2,,
right,2,,
degrés,2,,
prêt,2,,
bancaire,2,,
loan,2,,
their,2,,
language,2,,
know,2,,
revoir,2,,
attentivement,2,,
résignation,2,,
dommage,2,,
grave,2,,
pire,2,,
accepte,2,,
too,2,,
étendu,2,,
comptes,2,,
wind,2,,
stuck,2,,
familières,2,,
académiques,2,,
académique,2,,
structure,2,,
politesse,2,,
affaires,2,,
remplacent,2,,
répétition,2,,
camus,2,,
préféré,2,,
adjectifs,2,,
garçon,2,,
lucas,2,,
choisis,2,,
conseillé,2,,
août,2,,
triste,2,,
bleu,2,,
céline,2,,
tedxtours,2,,
tedxbulle,2,,
philippe,2,,
foule,2,,
jaune,2,,
nuance,2,,
renvoie,2,,
animale,2,,
griffonner,2,,
aussitôt,2,,
sitôt,2,,
immédiatement,2,,
immediately,2,,
meaning,2,,
over,2,,
evolved,2,,
referencing,2,,
while,2,,
remuer,2,,
contemplation,2,,
égare,2,,
imaginations,2,,
tranquillité,2,,
inspiration,2,,
divagation,2,,
rêveries,2,,
poétiques,2,,
rêver,2,,
resver,2,,
divaguer,2,,
songerie,2,,
marquer,2,,
provide,2,,
crocodile,2,,
fleuve,2,,
marécage,2,,
mélangeant,2,,
pote,2,,
laissé,2,,
ranger,2,,
cônes,2,,
père,2,,
fermer,2,,
flottant,2,,
heureusement,2,,
tronc,2,,
échappé,2,,
port,2,,
samedi,2,,
odeur,2,,
noir,2,,
visiter,2,,
respirer,2,,
délicieux,2,,
letra,2,,
étudiants,2,,
combien,2,,
orthographe,2,,
minutes,2,,
suggestions,2,,
poèmes,2,,
poésie,2,,
idéale,2,,
fables,2,,
fontaine,2,,
extraits,2,,
classiques,2,,
saint,2,,
magazines,2,,
romans,2,,
maritime,2,,
fiasco,2,,
appliquer,2,,
physiquement,2,,
move,2,,
change,2,,
faste,2,,
splendeur,2,,
décorum,2,,
conservent,2,,
officiel,2,,
traverser,2,,
couloir,2,,
thread,2,,
somewhere,2,,
going,2,,
translittération,2,,
excellent,2,,
tumultueuses,2,,
thunder,2,,
idiomatiques,2,,
tombe,2,,
paysage,2,,
mnémonique,2,,
chargé,2,,
text,2,,
free,2,,
online,2,,
loup,2,,
plume,2,,
statue,2,,
regardé,2,,
chemin,2,,
applaudi,2,,
voler,2,,
regardaient,2,,
rêvait,2,,
enfance,2,,
espère,2,,
fleurs,2,,
fleur,2,,
doucement,2,,
indirectes,2,,
arriveras,2,,
partons,2,,
répétées,2,,
contient,2,,
indirecte,2,,
soutient,2,,
formalité,2,,
conscient,2,,
utilisent,2,,
chasser,2,,
consonnes,2,,
forvo,2,,
api,2,,
alphabet,2,,
phonétique,2,,
imitez,2,,
figaro,2,,
obs,2,,
écoutez,2,,
disponibles,2,,
dictée,2,,
entraînez,2,,
vocale,2,,
speechling,2,,
rosetta,2,,
identifier,2,,
requires,2,,
pratiquez,2,,
finale,2,,
muet,2,,
hôtel,2,,
shadowing,2,,
coffee,2,,
break,2,,
natif,2,,
édith,2,,
piaf,2,,
utile,2,,
répertoire,2,,
diction,2,,
familiariser,2,,
parfaite,2,,
ballade,2,,
garou,2,,
écoute,2,,
chantant,2,,
enregistrement,2,,
vidéos,2,,
rôde,2,,
erre,2,,
roulent,2,,
wanders,2,,
open,2,,
under,2,,
roll,2,,
souffle,2,,
instant,2,,
tab,2,,
concevoir,2,,
imaginer,2,,
plan,2,,
com,2,,
vagabonder,2,,
languette,2,,
dieu,2,,
œil,2,,
tongue,2,,
lips,2,,
mouth,2,,
fermé,2,,
michel,2,,
cueille,2,,
visa,2,,
abonnements,2,,
applicable,2,,
animaux,2,,
local,2,,
marchés,2,,
cafés,2,,
damn,2,,
interesting,2,,
hit,2,,
cut,2,,
